{
  "deployment_fold": {
    "quantile": 0.85,
    "baseline": {
      "recall@10": 0.07142857142857142,
      "precision@10": 0.0071428571428571435,
      "map@10": 0.02976190476190476,
      "hit_rate@10": 0.07142857142857142,
      "coverage@10": 0.00010249577204940297,
      "eval_users": 28
    },
    "als": {
      "recall@10": 0.05952380952380952,
      "precision@10": 0.010714285714285716,
      "map@10": 0.02023809523809524,
      "hit_rate@10": 0.07142857142857142,
      "coverage@10": 0.0020499154409880592,
      "eval_users": 28
    },
    "rerank": {
      "recall@10": 0.5714285714285714,
      "precision@10": 0.08571428571428572,
      "map@10": 0.32568027210884354,
      "hit_rate@10": 0.7142857142857143,
      "coverage@10": 0.027658266748617086,
      "eval_users": 7
    }
  },
  "rolling_validation": [
    {
      "fold": 1,
      "quantile": 0.75,
      "baseline": {
        "recall@10": 0.0,
        "precision@10": 0.0,
        "map@10": 0.0,
        "hit_rate@10": 0.0,
        "coverage@10": 0.00010647132727156577,
        "eval_users": 29
      },
      "als": {
        "recall@10": 0.0,
        "precision@10": 0.0,
        "map@10": 0.0,
        "hit_rate@10": 0.0,
        "coverage@10": 0.0023743105981559164,
        "eval_users": 29
      },
      "rerank": {
        "recall@10": 0.0,
        "precision@10": 0.0,
        "map@10": 0.0,
        "hit_rate@10": 0.0,
        "coverage@10": 0.005927682276229994,
        "eval_users": 1
      }
    },
    {
      "fold": 2,
      "quantile": 0.85,
      "baseline": {
        "recall@10": 0.06273540489642183,
        "precision@10": 0.012500000000000002,
        "map@10": 0.06666666666666667,
        "hit_rate@10": 0.125,
        "coverage@10": 0.00010249577204940297,
        "eval_users": 24
      },
      "als": {
        "recall@10": 0.0625,
        "precision@10": 0.008333333333333333,
        "map@10": 0.015046296296296295,
        "hit_rate@10": 0.08333333333333333,
        "coverage@10": 0.0019371700917337159,
        "eval_users": 24
      },
      "rerank": {
        "recall@10": 0.125,
        "precision@10": 0.1,
        "map@10": 0.125,
        "hit_rate@10": 1.0,
        "coverage@10": 0.006666666666666667,
        "eval_users": 1
      }
    }
  ]
}