{
  "recall@10": 0.029818126921387793,
  "precision@10": 0.007333333333333334,
  "map@10": 0.011176521164021163,
  "hit_rate@10": 0.06,
  "coverage@10": 0.008476400348485624,
  "eval_users": 300
}